city,cat_category,city_category_avg,category_avg,correlation
Abington,Fast Food,1.6891891891891893,3.0228458309421407,0.5132973519093951
Abington,Sports Bars,4.19811320754717,3.4531277614603235,0.5132973519093951
Affton,Fast Food,2.735294117647059,3.0228458309421407,0.5132973519093951
Affton,Sports Bars,3.8085106382978724,3.4531277614603235,0.5132973519093951
Alton,Fast Food,2.4491017964071857,3.0228458309421407,0.5132973519093951
Alton,Hotels,3.2941176470588234,3.414754620777565,0.5132973519093951
Alton,Sports Bars,3.6871345029239766,3.4531277614603235,0.5132973519093951
Ambler,Fast Food,3.8058252427184467,3.0228458309421407,0.5132973519093951
Ambler,Sports Bars,2.9761904761904763,3.4531277614603235,0.5132973519093951
Antioch,Fast Food,2.0138504155124655,3.0228458309421407,0.5132973519093951
Antioch,Sports Bars,2.9881656804733727,3.4531277614603235,0.5132973519093951
Apollo Beach,Fast Food,3.094736842105263,3.0228458309421407,0.5132973519093951
Apollo Beach,Sports Bars,3.546666666666667,3.4531277614603235,0.5132973519093951
Arabi,Fast Food,4.705882352941177,3.0228458309421407,0.5132973519093951
Ardmore,Fast Food,1.8611111111111112,3.0228458309421407,0.5132973519093951
Ardmore,Sports Bars,3.611940298507463,3.4531277614603235,0.5132973519093951
Arnold,Fast Food,2.8973105134474326,3.0228458309421407,0.5132973519093951
Arnold,Sports Bars,3.513157894736842,3.4531277614603235,0.5132973519093951
Ashland City,Fast Food,1.5625,3.0228458309421407,0.5132973519093951
Aston,Fast Food,2.4313725490196076,3.0228458309421407,0.5132973519093951
Aston,Sports Bars,2.981818181818182,3.4531277614603235,0.5132973519093951
Atco,Sports Bars,2.761904761904762,3.4531277614603235,0.5132973519093951
Audubon,Fast Food,3.246212121212121,3.0228458309421407,0.5132973519093951
Audubon,Sports Bars,2.4766355140186915,3.4531277614603235,0.5132973519093951
Avon,Fast Food,6.265139116202946,3.0228458309421407,0.5132973519093951
Avon,Sports Bars,2.996212121212121,3.4531277614603235,0.5132973519093951
Avondale,Fast Food,2.3255813953488373,3.0228458309421407,0.5132973519093951
Bala Cynwyd,Fast Food,3.4125874125874125,3.0228458309421407,0.5132973519093951
Ballwin,Fast Food,2.219298245614035,3.0228458309421407,0.5132973519093951
Ballwin,Sports Bars,3.485294117647059,3.4531277614603235,0.5132973519093951
Barrington,Fast Food,5.0,3.0228458309421407,0.5132973519093951
Barrington,Sports Bars,3.6515151515151514,3.4531277614603235,0.5132973519093951
Beaumont,Sports Bars,2.8,3.4531277614603235,0.5132973519093951
Beech Grove,Cooking Schools,5.0,4.623655913978495,0.5132973519093951
Beech Grove,Fast Food,2.235294117647059,3.0228458309421407,0.5132973519093951
Beech Grove,Sports Bars,3.857142857142857,3.4531277614603235,0.5132973519093951
Bel Ridge,Fast Food,3.4285714285714284,3.0228458309421407,0.5132973519093951
Belle Chasse,Fast Food,1.4482758620689655,3.0228458309421407,0.5132973519093951
Belle Meade,Sports Bars,4.2272727272727275,3.4531277614603235,0.5132973519093951
Bellefontaine,Fast Food,1.75,3.0228458309421407,0.5132973519093951
Bellefontaine Neighbors,Fast Food,2.25,3.0228458309421407,0.5132973519093951
Belleville,Cinema,3.509433962264151,3.3335212855934593,0.5132973519093951
Belleville,Fast Food,2.502970297029703,3.0228458309421407,0.5132973519093951
Belleville,Hotels,3.35,3.414754620777565,0.5132973519093951
Belleville,Sports Bars,2.901639344262295,3.4531277614603235,0.5132973519093951
Bellevue,Fast Food,2.230769230769231,3.0228458309421407,0.5132973519093951
Bellmawr,Fast Food,3.125,3.0228458309421407,0.5132973519093951
Bellville,Fast Food,2.0,3.0228458309421407,0.5132973519093951
Bensalem,Cinema,3.2857142857142856,3.3335212855934593,0.5132973519093951
Bensalem,Fast Food,2.655,3.0228458309421407,0.5132973519093951
Bensalem,Hotels,2.0,3.414754620777565,0.5132973519093951
Bensalem,Resorts,2.0,3.1785500299580587,0.5132973519093951
Bensalem,Sports Bars,2.653284671532847,3.4531277614603235,0.5132973519093951
Berkeley,Fast Food,2.3333333333333335,3.0228458309421407,0.5132973519093951
Berlin,Fast Food,2.3783783783783785,3.0228458309421407,0.5132973519093951
Berlin,Sports Bars,4.0,3.4531277614603235,0.5132973519093951
Berlin Township,Fast Food,1.8,3.0228458309421407,0.5132973519093951
Berwyn,Fast Food,2.125,3.0228458309421407,0.5132973519093951
Bethalto,Fast Food,3.210526315789474,3.0228458309421407,0.5132973519093951
Beverly,Fast Food,1.5,3.0228458309421407,0.5132973519093951
Blackwood,Fast Food,2.0,3.0228458309421407,0.5132973519093951
Blue Bell,Fast Food,2.430379746835443,3.0228458309421407,0.5132973519093951
Blue Bell,Hotels,3.6311475409836067,3.414754620777565,0.5132973519093951
Blue Bell,Sports Bars,3.2,3.4531277614603235,0.5132973519093951
Boise,Cinema,4.588235294117647,3.3335212855934593,0.5132973519093951
Boise,Fast Food,3.2959092266348162,3.0228458309421407,0.5132973519093951
Boise,Hotels,4.1469194312796205,3.414754620777565,0.5132973519093951
Boise,Sports Bars,3.64490095377843,3.4531277614603235,0.5132973519093951
Boise City,Fast Food,1.8,3.0228458309421407,0.5132973519093951
Boone,Fast Food,3.6666666666666665,3.0228458309421407,0.5132973519093951
Boothwyn,Fast Food,2.15625,3.0228458309421407,0.5132973519093951
Boothwyn,Sports Bars,2.5714285714285716,3.4531277614603235,0.5132973519093951
Bordentown,Fast Food,3.483050847457627,3.0228458309421407,0.5132973519093951
Bordentown,Sports Bars,3.4935897435897436,3.4531277614603235,0.5132973519093951
Boyertown,Sports Bars,3.3125,3.4531277614603235,0.5132973519093951
Brandon,Fast Food,2.9942498693152118,3.0228458309421407,0.5132973519093951
Brandon,Sports Bars,3.2987288135593222,3.4531277614603235,0.5132973519093951
Breckenridge Hills,Fast Food,1.875,3.0228458309421407,0.5132973519093951
Brentwood,Fast Food,2.9846743295019156,3.0228458309421407,0.5132973519093951
Brentwood,Sports Bars,2.857142857142857,3.4531277614603235,0.5132973519093951
Bridgeport,Sports Bars,3.4390243902439024,3.4531277614603235,0.5132973519093951
Bridgeton,Fast Food,2.3987341772151898,3.0228458309421407,0.5132973519093951
Bridgeton,Sports Bars,3.24468085106383,3.4531277614603235,0.5132973519093951
Bristol,Fast Food,2.3214285714285716,3.0228458309421407,0.5132973519093951
Bristol,Sports Bars,4.8,3.4531277614603235,0.5132973519093951
Brookhaven,Fast Food,2.2017543859649122,3.0228458309421407,0.5132973519093951
Brooklawn,Fast Food,2.3,3.0228458309421407,0.5132973519093951
Brooklawn,Sports Bars,3.533333333333333,3.4531277614603235,0.5132973519093951
Broomall,Fast Food,3.033980582524272,3.0228458309421407,0.5132973519093951
Brownsburg,Fast Food,2.3139931740614332,3.0228458309421407,0.5132973519093951
Brownsburg,Sports Bars,3.207547169811321,3.4531277614603235,0.5132973519093951
Bryn Mawr,Fast Food,3.5493333333333332,3.0228458309421407,0.5132973519093951
Bryn Mawr,Sports Bars,3.51,3.4531277614603235,0.5132973519093951
Burlington,Fast Food,2.54,3.0228458309421407,0.5132973519093951
Burlington,Sports Bars,5.0,3.4531277614603235,0.5132973519093951
Burlington Township,Sports Bars,1.705128205128205,3.4531277614603235,0.5132973519093951
Cahokia,Fast Food,2.4150943396226414,3.0228458309421407,0.5132973519093951
Cahokia,Sports Bars,3.75,3.4531277614603235,0.5132973519093951
Camby,Fast Food,2.226890756302521,3.0228458309421407,0.5132973519093951
Camby,Sports Bars,3.122448979591837,3.4531277614603235,0.5132973519093951
Camden,Fast Food,1.6363636363636365,3.0228458309421407,0.5132973519093951
Cane Ridge,Sports Bars,2.8,3.4531277614603235,0.5132973519093951
Carmel,Fast Food,3.2058165548098434,3.0228458309421407,0.5132973519093951
Carmel,Hotels,5.0,3.414754620777565,0.5132973519093951
Carmel,Sports Bars,3.4266467065868262,3.4531277614603235,0.5132973519093951
Carpinteria,Cooking Schools,4.507692307692308,4.623655913978495,0.5132973519093951
Carpinteria,Fast Food,2.375,3.0228458309421407,0.5132973519093951
Carpinteria,Honey,5.0,5.0,0.5132973519093951
Carrollwood,Fast Food,3.8484848484848486,3.0228458309421407,0.5132973519093951
Carrollwood,Sports Bars,2.515151515151515,3.4531277614603235,0.5132973519093951
Caseyville,Fast Food,1.6964285714285714,3.0228458309421407,0.5132973519093951
Caseyville,Sports Bars,4.5,3.4531277614603235,0.5132973519093951
Castleton,Fast Food,2.25,3.0228458309421407,0.5132973519093951
Catalina,Fast Food,1.7096774193548387,3.0228458309421407,0.5132973519093951
Chadds Ford,Fast Food,2.2857142857142856,3.0228458309421407,0.5132973519093951
Chadds Ford,Sports Bars,3.1818181818181817,3.4531277614603235,0.5132973519093951
Chalfont,Fast Food,1.1666666666666667,3.0228458309421407,0.5132973519093951
Chalfont,Sports Bars,3.1294117647058823,3.4531277614603235,0.5132973519093951
Chalmette,Fast Food,1.9518072289156627,3.0228458309421407,0.5132973519093951
Chalmette,Hotels,3.75,3.414754620777565,0.5132973519093951
Chalmette,Sports Bars,4.285714285714286,3.4531277614603235,0.5132973519093951
Charlotte,Fast Food,3.3333333333333335,3.0228458309421407,0.5132973519093951
Cherry Hill,Fast Food,3.0845839017735335,3.0228458309421407,0.5132973519093951
Cherry Hill,Hotels,2.7777777777777777,3.414754620777565,0.5132973519093951
Cherry Hill,Sports Bars,2.9088785046728973,3.4531277614603235,0.5132973519093951
Chester,Fast Food,2.1666666666666665,3.0228458309421407,0.5132973519093951
Chester,Hotels,2.5384615384615383,3.414754620777565,0.5132973519093951
Chesterbrook,Fast Food,2.1739130434782608,3.0228458309421407,0.5132973519093951
Chesterfield,Fast Food,3.5204819277108435,3.0228458309421407,0.5132973519093951
Chesterfield,Sports Bars,3.4368421052631577,3.4531277614603235,0.5132973519093951
Chichester,Sports Bars,3.7241379310344827,3.4531277614603235,0.5132973519093951
Christiana,Fast Food,2.8461538461538463,3.0228458309421407,0.5132973519093951
Christiana,Sports Bars,3.3035714285714284,3.4531277614603235,0.5132973519093951
Cinnaminson,Fast Food,2.6,3.0228458309421407,0.5132973519093951
Cinnaminson,Sports Bars,3.8450704225352115,3.4531277614603235,0.5132973519093951
Claymont,Fast Food,1.7341772151898733,3.0228458309421407,0.5132973519093951
Clayton,Fast Food,3.48993288590604,3.0228458309421407,0.5132973519093951
Clayton,Hotels,3.3333333333333335,3.414754620777565,0.5132973519093951
Clayton,Sports Bars,3.859259259259259,3.4531277614603235,0.5132973519093951
Clearwater,Cinema,3.4,3.3335212855934593,0.5132973519093951
Clearwater,Fast Food,3.101543056246889,3.0228458309421407,0.5132973519093951
Clearwater,Hotels,3.857142857142857,3.414754620777565,0.5132973519093951
Clearwater,Sports Bars,3.491841491841492,3.4531277614603235,0.5132973519093951
Clearwater Beach,Fast Food,2.302325581395349,3.0228458309421407,0.5132973519093951
Clearwater Beach,Hotels,3.12531328320802,3.414754620777565,0.5132973519093951
Clearwater Beach,Resorts,3.12531328320802,3.1785500299580587,0.5132973519093951
Clearwater Beach,Sports Bars,3.5782493368700266,3.4531277614603235,0.5132973519093951
Clementon,Fast Food,2.1621621621621623,3.0228458309421407,0.5132973519093951
Clermont,Fast Food,3.25,3.0228458309421407,0.5132973519093951
Clifton Heights,Fast Food,2.125,3.0228458309421407,0.5132973519093951
Clifton Heights,Sports Bars,3.090909090909091,3.4531277614603235,0.5132973519093951
Coatesville,Fast Food,2.148936170212766,3.0228458309421407,0.5132973519093951
Cold Springs,Sports Bars,3.6341463414634148,3.4531277614603235,0.5132973519093951
Collegeville,Cinema,3.3065134099616857,3.3335212855934593,0.5132973519093951
Collegeville,Fast Food,3.1577287066246056,3.0228458309421407,0.5132973519093951
Collegeville,Sports Bars,2.5609756097560976,3.4531277614603235,0.5132973519093951
Collingswood,Fast Food,3.9166666666666665,3.0228458309421407,0.5132973519093951
Collinsville,Fast Food,2.2777777777777777,3.0228458309421407,0.5132973519093951
Collinsville,Sports Bars,3.6666666666666665,3.4531277614603235,0.5132973519093951
Colmar,Fast Food,1.2,3.0228458309421407,0.5132973519093951
Columbia,Fast Food,1.8363636363636364,3.0228458309421407,0.5132973519093951
Columbia,Sports Bars,4.111111111111111,3.4531277614603235,0.5132973519093951
Concordville,Fast Food,1.4,3.0228458309421407,0.5132973519093951
Conshohocken,Fast Food,2.4745762711864407,3.0228458309421407,0.5132973519093951
Conshohocken,Sports Bars,3.6031746031746033,3.4531277614603235,0.5132973519093951
Crestwood,Fast Food,2.6333333333333333,3.0228458309421407,0.5132973519093951
Creve Coeur,Fast Food,3.264385692068429,3.0228458309421407,0.5132973519093951
Creve Coeur,Sports Bars,2.731629392971246,3.4531277614603235,0.5132973519093951
Cumberland,Fast Food,3.782608695652174,3.0228458309421407,0.5132973519093951
DONELSON,Fast Food,2.090909090909091,3.0228458309421407,0.5132973519093951
Danville,Fast Food,2.888888888888889,3.0228458309421407,0.5132973519093951
Darby,Fast Food,2.6,3.0228458309421407,0.5132973519093951
Delran,Fast Food,2.46875,3.0228458309421407,0.5132973519093951
Delran,Sports Bars,3.3796296296296298,3.4531277614603235,0.5132973519093951
Deptford,Fast Food,2.579234972677596,3.0228458309421407,0.5132973519093951
Deptford,Sports Bars,2.142857142857143,3.4531277614603235,0.5132973519093951
Des Peres,Fast Food,3.3753753753753752,3.0228458309421407,0.5132973519093951
Devon,Fast Food,1.7272727272727273,3.0228458309421407,0.5132973519093951
Dover,Fast Food,2.0714285714285716,3.0228458309421407,0.5132973519093951
Downingtown,Fast Food,2.75,3.0228458309421407,0.5132973519093951
Downingtown,Hotels,3.5454545454545454,3.414754620777565,0.5132973519093951
Downingtown,Sports Bars,2.8904109589041096,3.4531277614603235,0.5132973519093951
Doylestown,Fast Food,3.1490066225165565,3.0228458309421407,0.5132973519093951
Doylestown,Sports Bars,3.2085561497326203,3.4531277614603235,0.5132973519093951
Dresher,Fast Food,2.173076923076923,3.0228458309421407,0.5132973519093951
Drexel Hill,Fast Food,2.869565217391304,3.0228458309421407,0.5132973519093951
Drexel Hill,Sports Bars,3.1578947368421053,3.4531277614603235,0.5132973519093951
Dublin,Fast Food,2.25,3.0228458309421407,0.5132973519093951
Dunedin,Fast Food,2.923469387755102,3.0228458309421407,0.5132973519093951
Dunedin,Sports Bars,4.033450704225352,3.4531277614603235,0.5132973519093951
Dupo,Sports Bars,4.0,3.4531277614603235,0.5132973519093951
Eagle,Fast Food,2.779342723004695,3.0228458309421407,0.5132973519093951
Eagle,Sports Bars,2.5344827586206895,3.4531277614603235,0.5132973519093951
Eagleville,Sports Bars,3.6455696202531644,3.4531277614603235,0.5132973519093951
Earth City,Fast Food,1.25,3.0228458309421407,0.5132973519093951
East Alton,Fast Food,2.2777777777777777,3.0228458309421407,0.5132973519093951
East Alton,Hotels,2.0,3.414754620777565,0.5132973519093951
East Edmonton,Fast Food,2.888888888888889,3.0228458309421407,0.5132973519093951
East Nashville,Sports Bars,3.232,3.4531277614603235,0.5132973519093951
East Norriton,Fast Food,3.102803738317757,3.0228458309421407,0.5132973519093951
East Norriton,Sports Bars,3.194915254237288,3.4531277614603235,0.5132973519093951
Eaux Claires,Fast Food,1.3333333333333333,3.0228458309421407,0.5132973519093951
Eddystone,Fast Food,2.1904761904761907,3.0228458309421407,0.5132973519093951
Edmonton,Fast Food,3.148695652173913,3.0228458309421407,0.5132973519093951
Edmonton,Hotels,3.7432432432432434,3.414754620777565,0.5132973519093951
Edmonton,Sports Bars,3.2980910425844345,3.4531277614603235,0.5132973519093951
Edwardsville,Fast Food,3.3850931677018634,3.0228458309421407,0.5132973519093951
Edwardsville,Sports Bars,2.7062937062937062,3.4531277614603235,0.5132973519093951
Elkins Park,Fast Food,3.6666666666666665,3.0228458309421407,0.5132973519093951
Elkins Park,Sports Bars,4.041666666666667,3.4531277614603235,0.5132973519093951
Elmwood,Sports Bars,3.7450980392156863,3.4531277614603235,0.5132973519093951
Elverson,Fast Food,1.5,3.0228458309421407,0.5132973519093951
Enoch,Hotels,3.3846153846153846,3.414754620777565,0.5132973519093951
Essington,Fast Food,2.4461538461538463,3.0228458309421407,0.5132973519093951
Essington,Sports Bars,4.266666666666667,3.4531277614603235,0.5132973519093951
Evesham Township,Fast Food,4.212765957446808,3.0228458309421407,0.5132973519093951
Ewing,Fast Food,2.9065420560747666,3.0228458309421407,0.5132973519093951
Ewing,Sports Bars,3.6823529411764704,3.4531277614603235,0.5132973519093951
Ewing Township,Sports Bars,2.76,3.4531277614603235,0.5132973519093951
Exton,Fast Food,2.6075581395348837,3.0228458309421407,0.5132973519093951
Exton,Sports Bars,3.659491193737769,3.4531277614603235,0.5132973519093951
Fairless Hills,Fast Food,2.3333333333333335,3.0228458309421407,0.5132973519093951
Fairless Hills,Sports Bars,3.5,3.4531277614603235,0.5132973519093951
Fairview Heights,Fast Food,3.1123595505617976,3.0228458309421407,0.5132973519093951
Fairview Heights,Sports Bars,2.847826086956522,3.4531277614603235,0.5132973519093951
Fairview Hts,Sports Bars,2.164705882352941,3.4531277614603235,0.5132973519093951
Fairview Hts.,Fast Food,2.1363636363636362,3.0228458309421407,0.5132973519093951
Feasterville,Fast Food,2.7982456140350878,3.0228458309421407,0.5132973519093951
Feasterville,Sports Bars,3.6,3.4531277614603235,0.5132973519093951
Feasterville Trevose,Fast Food,3.85,3.0228458309421407,0.5132973519093951
Feasterville Trevose,Hotels,2.7777777777777777,3.414754620777565,0.5132973519093951
Feasterville-Trevose,Fast Food,4.407407407407407,3.0228458309421407,0.5132973519093951
Feasterville-Trevose,Hotels,2.525,3.414754620777565,0.5132973519093951
Feasterville-trevose,Fast Food,2.5833333333333335,3.0228458309421407,0.5132973519093951
Fenton,Fast Food,2.476510067114094,3.0228458309421407,0.5132973519093951
Fenton,Hotels,2.125,3.414754620777565,0.5132973519093951
Fenton,Sports Bars,3.42320819112628,3.4531277614603235,0.5132973519093951
Ferguson,Fast Food,2.16,3.0228458309421407,0.5132973519093951
Fishers,Fast Food,2.83617747440273,3.0228458309421407,0.5132973519093951
Fishers,Sports Bars,3.6184210526315788,3.4531277614603235,0.5132973519093951
Florissant,Fast Food,2.1829944547134934,3.0228458309421407,0.5132973519093951
Florissant,Sports Bars,3.1114864864864864,3.4531277614603235,0.5132973519093951
Flourtown,Cinema,2.3739495798319328,3.3335212855934593,0.5132973519093951
Flourtown,Fast Food,1.4838709677419355,3.0228458309421407,0.5132973519093951
Folsom,Fast Food,3.0256410256410255,3.0228458309421407,0.5132973519093951
Folsom,Sports Bars,3.0,3.4531277614603235,0.5132973519093951
Fort Washington,Sports Bars,3.3333333333333335,3.4531277614603235,0.5132973519093951
Franklin,Fast Food,2.8688930117501545,3.0228458309421407,0.5132973519093951
Franklin,Hotels,3.4464285714285716,3.414754620777565,0.5132973519093951
Franklin,Sports Bars,3.6111918604651163,3.4531277614603235,0.5132973519093951
Franklinville,Sports Bars,3.263157894736842,3.4531277614603235,0.5132973519093951
Frazer,Fast Food,1.9367088607594938,3.0228458309421407,0.5132973519093951
Frazer,Hotels,3.1142857142857143,3.414754620777565,0.5132973519093951
Gallatin,Fast Food,2.9962264150943394,3.0228458309421407,0.5132973519093951
Gallatin,Sports Bars,3.1123595505617976,3.4531277614603235,0.5132973519093951
Garden City,Fast Food,2.1707317073170733,3.0228458309421407,0.5132973519093951
Garden City,Sports Bars,3.3333333333333335,3.4531277614603235,0.5132973519093951
Gibbstown,Fast Food,3.0,3.0228458309421407,0.5132973519093951
Gibsonton,Fast Food,3.090909090909091,3.0228458309421407,0.5132973519093951
Gilbertsville,Fast Food,2.8309859154929575,3.0228458309421407,0.5132973519093951
Gilbertsville,Sports Bars,2.857142857142857,3.4531277614603235,0.5132973519093951
Glassboro,Fast Food,2.4078947368421053,3.0228458309421407,0.5132973519093951
Glassboro,Sports Bars,2.733695652173913,3.4531277614603235,0.5132973519093951
Glen Carbon,Fast Food,2.1372549019607843,3.0228458309421407,0.5132973519093951
Glen Carbon,Sports Bars,3.5,3.4531277614603235,0.5132973519093951
Glen Mills,Cooking Schools,5.0,4.623655913978495,0.5132973519093951
Glen Mills,Fast Food,3.38,3.0228458309421407,0.5132973519093951
Glen Mills,Hotels,4.173913043478261,3.414754620777565,0.5132973519093951
Glen Mills,Sports Bars,3.0482456140350878,3.4531277614603235,0.5132973519093951
Glendora,Fast Food,3.5,3.0228458309421407,0.5132973519093951
Glenolden,Fast Food,2.4393939393939394,3.0228458309421407,0.5132973519093951
Glenolden,Sports Bars,3.9166666666666665,3.4531277614603235,0.5132973519093951
Glenside,Fast Food,4.1866666666666665,3.0228458309421407,0.5132973519093951
Glenside,Sports Bars,3.2941176470588234,3.4531277614603235,0.5132973519093951
Gloucester City,Fast Food,4.3125,3.0228458309421407,0.5132973519093951
Gloucester City,Sports Bars,3.6666666666666665,3.4531277614603235,0.5132973519093951
Gloucester Township,Fast Food,3.7111111111111112,3.0228458309421407,0.5132973519093951
Gloucester Township,Sports Bars,2.9655172413793105,3.4531277614603235,0.5132973519093951
Godfrey,Fast Food,1.625,3.0228458309421407,0.5132973519093951
Godfrey,Sports Bars,3.22,3.4531277614603235,0.5132973519093951
Goleta,Fast Food,3.1320030698388335,3.0228458309421407,0.5132973519093951
Goleta,Sports Bars,3.625,3.4531277614603235,0.5132973519093951
Goodlettsville,Fast Food,2.5611510791366907,3.0228458309421407,0.5132973519093951
Goodlettsville,Sports Bars,1.7788461538461537,3.4531277614603235,0.5132973519093951
Granite City,Fast Food,2.85,3.0228458309421407,0.5132973519093951
Granite City,Sports Bars,3.1666666666666665,3.4531277614603235,0.5132973519093951
Green Park,Fast Food,2.6129032258064515,3.0228458309421407,0.5132973519093951
Green Valley,Fast Food,3.125,3.0228458309421407,0.5132973519093951
Green Valley,Sports Bars,3.088235294117647,3.4531277614603235,0.5132973519093951
Greenbrier,Fast Food,1.75,3.0228458309421407,0.5132973519093951
Greenbrier,Sports Bars,4.636363636363637,3.4531277614603235,0.5132973519093951
Greenfield,Fast Food,1.8148148148148149,3.0228458309421407,0.5132973519093951
Greenfield,Sports Bars,3.791044776119403,3.4531277614603235,0.5132973519093951
Greenville,Sports Bars,3.1486486486486487,3.4531277614603235,0.5132973519093951
Greenwood,Fast Food,2.7665369649805447,3.0228458309421407,0.5132973519093951
Greenwood,Sports Bars,3.4943052391799543,3.4531277614603235,0.5132973519093951
Gretna,Fast Food,2.011904761904762,3.0228458309421407,0.5132973519093951
Gretna,Sports Bars,3.0851063829787235,3.4531277614603235,0.5132973519093951
Gulfport,Fast Food,2.4875,3.0228458309421407,0.5132973519093951
Gulfport,Hotels,4.416666666666667,3.414754620777565,0.5132973519093951
Gwynedd,Hotels,3.987012987012987,3.414754620777565,0.5132973519093951
Gwynedd,Sports Bars,3.522727272727273,3.4531277614603235,0.5132973519093951
Haddon Township,Fast Food,2.9523809523809526,3.0228458309421407,0.5132973519093951
Haddonfield,Fast Food,3.893081761006289,3.0228458309421407,0.5132973519093951
Haddonfield,Sports Bars,2.898989898989899,3.4531277614603235,0.5132973519093951
Hainesport,Fast Food,2.4827586206896552,3.0228458309421407,0.5132973519093951
Hamilton,Fast Food,3.15625,3.0228458309421407,0.5132973519093951
Hamilton,Sports Bars,4.0,3.4531277614603235,0.5132973519093951
Harahan,Fast Food,3.057894736842105,3.0228458309421407,0.5132973519093951
Harahan,Sports Bars,2.3773584905660377,3.4531277614603235,0.5132973519093951
Harleysville,Fast Food,2.380952380952381,3.0228458309421407,0.5132973519093951
Harrison Township,Fast Food,1.0,3.0228458309421407,0.5132973519093951
Harvey,Fast Food,2.380952380952381,3.0228458309421407,0.5132973519093951
Harvey,Sports Bars,2.5714285714285716,3.4531277614603235,0.5132973519093951
Hatboro,Fast Food,2.8947368421052633,3.0228458309421407,0.5132973519093951
Hatboro,Sports Bars,4.0,3.4531277614603235,0.5132973519093951
Hatfield,Fast Food,3.4310344827586206,3.0228458309421407,0.5132973519093951
Hatfield,Sports Bars,3.8421052631578947,3.4531277614603235,0.5132973519093951
Haverford,Fast Food,2.5,3.0228458309421407,0.5132973519093951
Havertown,Fast Food,2.435114503816794,3.0228458309421407,0.5132973519093951
Havertown,Sports Bars,3.2594594594594595,3.4531277614603235,0.5132973519093951
Hazelwood,Fast Food,2.2406417112299466,3.0228458309421407,0.5132973519093951
Hendersonville,Cooking Schools,3.5,4.623655913978495,0.5132973519093951
Hendersonville,Fast Food,2.6555944055944054,3.0228458309421407,0.5132973519093951
Hendersonville,Sports Bars,3.7133220910623947,3.4531277614603235,0.5132973519093951
Hermitage,Fast Food,2.3595284872298623,3.0228458309421407,0.5132973519093951
Hermitage,Sports Bars,2.221476510067114,3.4531277614603235,0.5132973519093951
Hernando Beach,Sports Bars,3.9743589743589745,3.4531277614603235,0.5132973519093951
High Ridge,Fast Food,2.763157894736842,3.0228458309421407,0.5132973519093951
High Ridge,Sports Bars,3.0,3.4531277614603235,0.5132973519093951
Hockessin,Fast Food,3.0,3.0228458309421407,0.5132973519093951
Hockessin,Sports Bars,3.7823129251700682,3.4531277614603235,0.5132973519093951
Holicong,Hotels,4.303030303030303,3.414754620777565,0.5132973519093951
Holiday,Fast Food,3.173469387755102,3.0228458309421407,0.5132973519093951
Holiday,Sports Bars,4.2631578947368425,3.4531277614603235,0.5132973519093951
Holland,Sports Bars,1.0,3.4531277614603235,0.5132973519093951
Holmes,Fast Food,2.116279069767442,3.0228458309421407,0.5132973519093951
Holmes,Sports Bars,3.0,3.4531277614603235,0.5132973519093951
Horsham,Fast Food,2.9940828402366866,3.0228458309421407,0.5132973519093951
Horsham,Sports Bars,3.4545454545454546,3.4531277614603235,0.5132973519093951
Hudson,Fast Food,2.240506329113924,3.0228458309421407,0.5132973519093951
Hudson,Hotels,3.9761904761904763,3.414754620777565,0.5132973519093951
Hudson,Sports Bars,3.4193548387096775,3.4531277614603235,0.5132973519093951
Hulmeville,Sports Bars,3.8666666666666667,3.4531277614603235,0.5132973519093951
Huntingdon Valley,Fast Food,1.511111111111111,3.0228458309421407,0.5132973519093951
Huntingdon Valley,Sports Bars,2.888888888888889,3.4531277614603235,0.5132973519093951
Hurffville,Fast Food,2.0,3.0228458309421407,0.5132973519093951
Imperial,Fast Food,2.7857142857142856,3.0228458309421407,0.5132973519093951
Indian Rocks Beach,Fast Food,4.067615658362989,3.0228458309421407,0.5132973519093951
Indian Rocks Beach,Sports Bars,3.5,3.4531277614603235,0.5132973519093951
Indian Shores,Sports Bars,3.727272727272727,3.4531277614603235,0.5132973519093951
Indianapolis,Cinema,2.709342560553633,3.3335212855934593,0.5132973519093951
Indianapolis,Fast Food,2.8726740341928783,3.0228458309421407,0.5132973519093951
Indianapolis,Hotels,3.4301075268817205,3.414754620777565,0.5132973519093951
Indianapolis,Kiosk,4.619047619047619,4.619047619047619,0.5132973519093951
Indianapolis,Nicaraguan,4.2,4.634920634920635,0.5132973519093951
Indianapolis,Sports Bars,3.4410745233968805,3.4531277614603235,0.5132973519093951
Inglewood,Fast Food,2.2857142857142856,3.0228458309421407,0.5132973519093951
Isla Vista,Fast Food,3.698492462311558,3.0228458309421407,0.5132973519093951
Isla Vista,Sports Bars,3.6885245901639343,3.4531277614603235,0.5132973519093951
Ivyland,Sports Bars,3.7142857142857144,3.4531277614603235,0.5132973519093951
Jamison,Fast Food,3.7,3.0228458309421407,0.5132973519093951
Jamison,Sports Bars,4.5,3.4531277614603235,0.5132973519093951
Jefferson,Fast Food,2.5555555555555554,3.0228458309421407,0.5132973519093951
Jefferson,Sports Bars,2.0660377358490565,3.4531277614603235,0.5132973519093951
Jeffersonville,Sports Bars,3.8333333333333335,3.4531277614603235,0.5132973519093951
Jenkintown,Cinema,4.534883720930233,3.3335212855934593,0.5132973519093951
Jenkintown,Fast Food,2.066666666666667,3.0228458309421407,0.5132973519093951
Jenkintown,Sports Bars,3.1455938697318007,3.4531277614603235,0.5132973519093951
Jennings,Fast Food,1.75,3.0228458309421407,0.5132973519093951
Joelton,Fast Food,1.564516129032258,3.0228458309421407,0.5132973519093951
Joelton,Sports Bars,4.611111111111111,3.4531277614603235,0.5132973519093951
Kenner,Fast Food,2.125760649087221,3.0228458309421407,0.5132973519093951
Kenner,Nicaraguan,4.817391304347826,4.634920634920635,0.5132973519093951
Kenner,Sports Bars,3.5952380952380953,3.4531277614603235,0.5132973519093951
Kenneth City,Fast Food,2.6818181818181817,3.0228458309421407,0.5132973519093951
Kennett Square,Fast Food,3.549019607843137,3.0228458309421407,0.5132973519093951
Kennett Square,Sports Bars,3.074074074074074,3.4531277614603235,0.5132973519093951
King Of Prussia,Fast Food,2.44336569579288,3.0228458309421407,0.5132973519093951
King Of Prussia,Hotels,2.157232704402516,3.414754620777565,0.5132973519093951
King Of Prussia,Sports Bars,2.6382978723404253,3.4531277614603235,0.5132973519093951
King of Prussia,Fast Food,3.5791044776119403,3.0228458309421407,0.5132973519093951
King of Prussia,Hotels,1.8,3.414754620777565,0.5132973519093951
King of Prussia,Resorts,2.0,3.1785500299580587,0.5132973519093951
King of Prussia,Sports Bars,3.3518099547511313,3.4531277614603235,0.5132973519093951
Kingston Springs,Fast Food,2.6666666666666665,3.0228458309421407,0.5132973519093951
Kingston Springs,Sports Bars,4.75,3.4531277614603235,0.5132973519093951
Kirkwood,Fast Food,2.8970588235294117,3.0228458309421407,0.5132973519093951
Kirkwood,Sports Bars,3.481981981981982,3.4531277614603235,0.5132973519093951
Kulpsville,Fast Food,4.166666666666667,3.0228458309421407,0.5132973519093951
Kulpsville,Hotels,2.7037037037037037,3.414754620777565,0.5132973519093951
Kulpsville,Resorts,2.7037037037037037,3.1785500299580587,0.5132973519093951
Kulpsville,Sports Bars,2.3333333333333335,3.4531277614603235,0.5132973519093951
Kuna,Fast Food,2.576923076923077,3.0228458309421407,0.5132973519093951
LITHIA,Fast Food,2.15,3.0228458309421407,0.5132973519093951
La Vergne,Fast Food,2.169230769230769,3.0228458309421407,0.5132973519093951
La Vergne,Sports Bars,4.181818181818182,3.4531277614603235,0.5132973519093951
Ladue,Fast Food,3.5867768595041323,3.0228458309421407,0.5132973519093951
Lafayette Hill,Hotels,3.3947368421052633,3.414754620777565,0.5132973519093951
Lambertville,Hotels,3.7696850393700787,3.414754620777565,0.5132973519093951
Land O Lakes,Fast Food,2.883720930232558,3.0228458309421407,0.5132973519093951
Land O' Lakes,Fast Food,2.2465753424657535,3.0228458309421407,0.5132973519093951
Land O' Lakes,Sports Bars,2.1739130434782608,3.4531277614603235,0.5132973519093951
Land O'Lakes,Fast Food,1.375,3.0228458309421407,0.5132973519093951
Land O'lakes,Fast Food,1.2285714285714286,3.0228458309421407,0.5132973519093951
Langhorne,Fast Food,2.99250936329588,3.0228458309421407,0.5132973519093951
Langhorne,Hotels,2.7444444444444445,3.414754620777565,0.5132973519093951
Langhorne,Sports Bars,3.1734417344173442,3.4531277614603235,0.5132973519093951
Lansdale,Cooking Schools,5.0,4.623655913978495,0.5132973519093951
Lansdale,Fast Food,2.54040404040404,3.0228458309421407,0.5132973519093951
Lansdale,Hotels,3.736842105263158,3.414754620777565,0.5132973519093951
Lansdale,Resorts,3.1666666666666665,3.1785500299580587,0.5132973519093951
Lansdale,Sports Bars,3.4693877551020407,3.4531277614603235,0.5132973519093951
Lansdowne,Fast Food,1.6666666666666667,3.0228458309421407,0.5132973519093951
Largo,Fast Food,2.7471502590673573,3.0228458309421407,0.5132973519093951
Largo,Sports Bars,3.346820809248555,3.4531277614603235,0.5132973519093951
Laurel Springs,Fast Food,5.0,3.0228458309421407,0.5132973519093951
Lawnside,Fast Food,2.413793103448276,3.0228458309421407,0.5132973519093951
Lawrence,Fast Food,2.5729166666666665,3.0228458309421407,0.5132973519093951
Lawrence Township,Fast Food,2.3333333333333335,3.0228458309421407,0.5132973519093951
Lebanon,Fast Food,2.6933333333333334,3.0228458309421407,0.5132973519093951
Lebanon,Sports Bars,2.76,3.4531277614603235,0.5132973519093951
Lemay,Fast Food,1.9230769230769231,3.0228458309421407,0.5132973519093951
Lester,Sports Bars,4.466666666666667,3.4531277614603235,0.5132973519093951
Levittown,Fast Food,2.893258426966292,3.0228458309421407,0.5132973519093951
Levittown,Sports Bars,2.7083333333333335,3.4531277614603235,0.5132973519093951
Lima,Fast Food,1.8181818181818181,3.0228458309421407,0.5132973519093951
Limerick,Fast Food,1.6470588235294117,3.0228458309421407,0.5132973519093951
Limerick,Sports Bars,2.287671232876712,3.4531277614603235,0.5132973519093951
Lindenwold,Fast Food,1.4285714285714286,3.0228458309421407,0.5132973519093951
Lindenwold,Sports Bars,3.1159420289855073,3.4531277614603235,0.5132973519093951
Line Lexington,Fast Food,4.5,3.0228458309421407,0.5132973519093951
Linwood,Fast Food,2.2083333333333335,3.0228458309421407,0.5132973519093951
Lithia,Fast Food,2.4285714285714284,3.0228458309421407,0.5132973519093951
Lithia,Sports Bars,3.12,3.4531277614603235,0.5132973519093951
Lumberton,Fast Food,1.8181818181818181,3.0228458309421407,0.5132973519093951
Lumberton,Sports Bars,2.4305555555555554,3.4531277614603235,0.5132973519093951
Lutz,Fast Food,2.9884526558891453,3.0228458309421407,0.5132973519093951
Lutz,Hotels,4.6,3.414754620777565,0.5132973519093951
Lutz,Sports Bars,3.54577056778679,3.4531277614603235,0.5132973519093951
Lutz fl,Fast Food,5.0,3.0228458309421407,0.5132973519093951
MADISON,Fast Food,1.7777777777777777,3.0228458309421407,0.5132973519093951
Madeira Beach,Fast Food,2.4133333333333336,3.0228458309421407,0.5132973519093951
Madeira Beach,Sports Bars,3.252112676056338,3.4531277614603235,0.5132973519093951
Madison,Fast Food,2.2819277108433735,3.0228458309421407,0.5132973519093951
Madison,Sports Bars,2.7,3.4531277614603235,0.5132973519093951
Magnolia,Fast Food,2.3513513513513513,3.0228458309421407,0.5132973519093951
Malaga,Fast Food,3.4,3.0228458309421407,0.5132973519093951
Malvern,Fast Food,3.4701986754966887,3.0228458309421407,0.5132973519093951
Malvern,Hotels,3.4305555555555554,3.414754620777565,0.5132973519093951
Malvern,Sports Bars,2.883720930232558,3.4531277614603235,0.5132973519093951
Manchester,Fast Food,2.6134969325153374,3.0228458309421407,0.5132973519093951
Mantua,Fast Food,2.2777777777777777,3.0228458309421407,0.5132973519093951
Maple Glen,Fast Food,1.9,3.0228458309421407,0.5132973519093951
Maple Shade,Fast Food,1.6440677966101696,3.0228458309421407,0.5132973519093951
Maple Shade,Sports Bars,3.0970873786407767,3.4531277614603235,0.5132973519093951
Maplewood,Fast Food,2.506172839506173,3.0228458309421407,0.5132973519093951
Maplewood,Sports Bars,3.3098039215686272,3.4531277614603235,0.5132973519093951
Marana,Fast Food,3.0796019900497513,3.0228458309421407,0.5132973519093951
Marana,Hotels,3.347826086956522,3.414754620777565,0.5132973519093951
Marcus Hook,Fast Food,3.0,3.0228458309421407,0.5132973519093951
Marcus Hook,Sports Bars,4.25,3.4531277614603235,0.5132973519093951
Marlborough,Fast Food,2.7058823529411766,3.0228458309421407,0.5132973519093951
Marlton,Fast Food,3.4254658385093166,3.0228458309421407,0.5132973519093951
Marlton,Sports Bars,2.6703703703703705,3.4531277614603235,0.5132973519093951
Marrero,Fast Food,2.097560975609756,3.0228458309421407,0.5132973519093951
Marshallton,Fast Food,1.9,3.0228458309421407,0.5132973519093951
Maryland Heights,Fast Food,3.425925925925926,3.0228458309421407,0.5132973519093951
Maryland Heights,Hotels,2.253012048192771,3.414754620777565,0.5132973519093951
Maryland Heights,Sports Bars,3.6666666666666665,3.4531277614603235,0.5132973519093951
Maryville,Fast Food,2.7777777777777777,3.0228458309421407,0.5132973519093951
Mascoutah,Fast Food,3.727272727272727,3.0228458309421407,0.5132973519093951
Mc Cordsville,Fast Food,1.5454545454545454,3.0228458309421407,0.5132973519093951
McCordsville,Fast Food,2.82,3.0228458309421407,0.5132973519093951
Medford,Fast Food,3.8253968253968256,3.0228458309421407,0.5132973519093951
Medford,Sports Bars,3.1731843575418996,3.4531277614603235,0.5132973519093951
Media,Fast Food,3.2107438016528924,3.0228458309421407,0.5132973519093951
Media,Sports Bars,3.5597014925373136,3.4531277614603235,0.5132973519093951
Mendenhall,Hotels,3.5538461538461537,3.414754620777565,0.5132973519093951
Mendenhall,Resorts,3.8333333333333335,3.1785500299580587,0.5132973519093951
Mendenhall,Sports Bars,2.878787878787879,3.4531277614603235,0.5132973519093951
Meraux,Fast Food,1.25,3.0228458309421407,0.5132973519093951
Merchantville,Cooking Schools,5.0,4.623655913978495,0.5132973519093951
Merchantville,Fast Food,5.0,3.0228458309421407,0.5132973519093951
Meridian,Fast Food,3.3095823095823094,3.0228458309421407,0.5132973519093951
Meridian,Sports Bars,2.995,3.4531277614603235,0.5132973519093951
Meridian,Fast Food,3.25,3.0228458309421407,0.5132973519093951
Merion Station,Fast Food,1.32,3.0228458309421407,0.5132973519093951
Metairie,Fast Food,2.760429835651075,3.0228458309421407,0.5132973519093951
Metairie,Nicaraguan,4.631578947368421,4.634920634920635,0.5132973519093951
Metairie,Sports Bars,3.493927125506073,3.4531277614603235,0.5132973519093951
Millstadt,Fast Food,1.25,3.0228458309421407,0.5132973519093951
Millstadt,Sports Bars,2.8181818181818183,3.4531277614603235,0.5132973519093951
Milmont Park,Sports Bars,4.242424242424242,3.4531277614603235,0.5132973519093951
Montecito,Hotels,3.4513274336283186,3.414754620777565,0.5132973519093951
Montgomeryville,Fast Food,3.9,3.0228458309421407,0.5132973519093951
Moorestown,Fast Food,3.5639810426540284,3.0228458309421407,0.5132973519093951
Moorestown,Sports Bars,2.4752475247524752,3.4531277614603235,0.5132973519093951
Mooresville,Fast Food,2.306122448979592,3.0228458309421407,0.5132973519093951
Morrisville,Fast Food,1.8085106382978724,3.0228458309421407,0.5132973519093951
Morrisville,Hotels,5.0,3.414754620777565,0.5132973519093951
Morrisville,Sports Bars,3.0625,3.4531277614603235,0.5132973519093951
Morton,Fast Food,1.4,3.0228458309421407,0.5132973519093951
Morton,Sports Bars,3.7142857142857144,3.4531277614603235,0.5132973519093951
Mount Ephraim,Fast Food,2.341463414634146,3.0228458309421407,0.5132973519093951
Mount Ephraim,Sports Bars,3.4285714285714284,3.4531277614603235,0.5132973519093951
Mount Holly,Fast Food,1.8476190476190477,3.0228458309421407,0.5132973519093951
Mount Holly,Sports Bars,2.6333333333333333,3.4531277614603235,0.5132973519093951
Mount Juliet,Fast Food,3.1383219954648527,3.0228458309421407,0.5132973519093951
Mount Juliet,Sports Bars,3.1807692307692306,3.4531277614603235,0.5132973519093951
Mount Laurel,Fast Food,3.1937716262975777,3.0228458309421407,0.5132973519093951
Mount Laurel,Sports Bars,3.2783251231527095,3.4531277614603235,0.5132973519093951
Mt Holly,Sports Bars,2.4,3.4531277614603235,0.5132973519093951
Mt Juliet,Fast Food,1.8235294117647058,3.0228458309421407,0.5132973519093951
Mt Juliet,Sports Bars,2.433333333333333,3.4531277614603235,0.5132973519093951
Mt Laurel,Fast Food,1.6666666666666667,3.0228458309421407,0.5132973519093951
Mt. Juliet,Fast Food,2.895104895104895,3.0228458309421407,0.5132973519093951
Mt. Laurel,Fast Food,2.6964285714285716,3.0228458309421407,0.5132973519093951
Mt. Laurel,Sports Bars,2.3846153846153846,3.4531277614603235,0.5132973519093951
Mt.Juliet,Fast Food,2.0,3.0228458309421407,0.5132973519093951
Mt.Laurel,Fast Food,1.744186046511628,3.0228458309421407,0.5132973519093951
Mullica Hill,Fast Food,1.7142857142857142,3.0228458309421407,0.5132973519093951
N.Wales,Fast Food,1.4705882352941178,3.0228458309421407,0.5132973519093951
NASHVILLE,Fast Food,2.0,3.0228458309421407,0.5132973519093951
NEW ORLEANS,Cooking Schools,4.7631578947368425,4.623655913978495,0.5132973519093951
NORRISTOWN,Fast Food,3.25,3.0228458309421407,0.5132973519093951
Narberth,Sports Bars,4.2105263157894735,3.4531277614603235,0.5132973519093951
Nashville,Cinema,3.517211703958692,3.3335212855934593,0.5132973519093951
Nashville,Fast Food,2.7988668555240794,3.0228458309421407,0.5132973519093951
Nashville,Honey,5.0,5.0,0.5132973519093951
Nashville,Hotels,3.505786540934419,3.414754620777565,0.5132973519093951
Nashville,Resorts,3.1987951807228914,3.1785500299580587,0.5132973519093951
Nashville,Sports Bars,3.618411514963239,3.4531277614603235,0.5132973519093951
New Britain,Fast Food,2.8333333333333335,3.0228458309421407,0.5132973519093951
New Castle,Fast Food,2.1838235294117645,3.0228458309421407,0.5132973519093951
New Castle,Sports Bars,2.30188679245283,3.4531277614603235,0.5132973519093951
New Hope,Fast Food,3.9225352112676055,3.0228458309421407,0.5132973519093951
New Hope,Hotels,2.7938144329896906,3.414754620777565,0.5132973519093951
New Orleans,Cooking Schools,4.809815950920245,4.623655913978495,0.5132973519093951
New Orleans,Fast Food,3.1697092630155512,3.0228458309421407,0.5132973519093951
New Orleans,Hotels,3.799921228830248,3.414754620777565,0.5132973519093951
New Orleans,Nicaraguan,4.857142857142857,4.634920634920635,0.5132973519093951
New Orleans,Resorts,3.048780487804878,3.1785500299580587,0.5132973519093951
New Orleans,Sports Bars,3.4067323786498047,3.4531277614603235,0.5132973519093951
New Palestine,Fast Food,2.1481481481481484,3.0228458309421407,0.5132973519093951
New Port Richey,Fast Food,2.4140127388535033,3.0228458309421407,0.5132973519093951
New Port Richey,Sports Bars,3.064128256513026,3.4531277614603235,0.5132973519093951
New Whiteland,Fast Food,2.1333333333333333,3.0228458309421407,0.5132973519093951
Newark,Fast Food,2.856573705179283,3.0228458309421407,0.5132973519093951
Newark,Hotels,2.25,3.414754620777565,0.5132973519093951
Newark,Sports Bars,2.9460580912863072,3.4531277614603235,0.5132973519093951
Newtown,Fast Food,3.018633540372671,3.0228458309421407,0.5132973519093951
Newtown,Hotels,2.980392156862745,3.414754620777565,0.5132973519093951
Newtown,Sports Bars,3.189189189189189,3.4531277614603235,0.5132973519093951
Newtown Square,Fast Food,3.6779661016949152,3.0228458309421407,0.5132973519093951
Newtown Square,Sports Bars,3.727272727272727,3.4531277614603235,0.5132973519093951
Noblesville,Fast Food,1.7222222222222223,3.0228458309421407,0.5132973519093951
Nolensville,Fast Food,2.175,3.0228458309421407,0.5132973519093951
Normandy,Fast Food,1.0,3.0228458309421407,0.5132973519093951
Norristown,Fast Food,2.6729857819905214,3.0228458309421407,0.5132973519093951
Norristown,Hotels,3.5,3.414754620777565,0.5132973519093951
Norristown,Sports Bars,3.481707317073171,3.4531277614603235,0.5132973519093951
North Redington Beach,Fast Food,2.5833333333333335,3.0228458309421407,0.5132973519093951
North Redington Beach,Hotels,3.45,3.414754620777565,0.5132973519093951
North Wales,Fast Food,2.6775956284153004,3.0228458309421407,0.5132973519093951
North Wales,Hotels,3.8684210526315788,3.414754620777565,0.5132973519093951
North Wales,Sports Bars,3.1884057971014492,3.4531277614603235,0.5132973519093951
Norwood,Fast Food,1.6,3.0228458309421407,0.5132973519093951
O Fallon,Fast Food,2.0973451327433628,3.0228458309421407,0.5132973519093951
O' Fallon,Fast Food,2.4,3.0228458309421407,0.5132973519093951
O'Fallon,Fast Food,2.3621399176954734,3.0228458309421407,0.5132973519093951
O'Fallon,Sports Bars,3.183673469387755,3.4531277614603235,0.5132973519093951
O'fallon,Fast Food,1.5714285714285714,3.0228458309421407,0.5132973519093951
Oaklyn,Fast Food,4.2,3.0228458309421407,0.5132973519093951
Oaklyn,Sports Bars,3.869047619047619,3.4531277614603235,0.5132973519093951
Oaks,Fast Food,3.0853658536585367,3.0228458309421407,0.5132973519093951
Oaks,Sports Bars,3.3125,3.4531277614603235,0.5132973519093951
Oakville,Fast Food,2.263157894736842,3.0228458309421407,0.5132973519093951
Oakville,Sports Bars,2.0,3.4531277614603235,0.5132973519093951
Odessa,Fast Food,3.0789473684210527,3.0228458309421407,0.5132973519093951
Odessa,Sports Bars,3.116279069767442,3.4531277614603235,0.5132973519093951
Old Hickory,Fast Food,3.2711864406779663,3.0228458309421407,0.5132973519093951
Old Hickory,Sports Bars,3.908450704225352,3.4531277614603235,0.5132973519093951
Oldmans Township,Fast Food,3.6666666666666665,3.0228458309421407,0.5132973519093951
Oldsmar,Fast Food,2.4651898734177213,3.0228458309421407,0.5132973519093951
Oldsmar,Sports Bars,3.6277665995975856,3.4531277614603235,0.5132973519093951
Olivette,Fast Food,2.189655172413793,3.0228458309421407,0.5132973519093951
Olivette,Sports Bars,4.166666666666667,3.4531277614603235,0.5132973519093951
Oreland,Sports Bars,3.689655172413793,3.4531277614603235,0.5132973519093951
Oro Valley,Fast Food,3.4330143540669855,3.0228458309421407,0.5132973519093951
Oro Valley,Sports Bars,3.5280898876404496,3.4531277614603235,0.5132973519093951
Overland,Fast Food,2.8376068376068377,3.0228458309421407,0.5132973519093951
Overland,Sports Bars,4.0,3.4531277614603235,0.5132973519093951
Palm Harbor,Cinema,2.875,3.3335212855934593,0.5132973519093951
Palm Harbor,Fast Food,2.9430604982206408,3.0228458309421407,0.5132973519093951
Palm Harbor,Sports Bars,3.4660633484162897,3.4531277614603235,0.5132973519093951
Palm harbor,Fast Food,4.402061855670103,3.0228458309421407,0.5132973519093951
Palmetto,Fast Food,1.9411764705882353,3.0228458309421407,0.5132973519093951
Paoli,Fast Food,3.647482014388489,3.0228458309421407,0.5132973519093951
Pass-a-Grille Beach,Hotels,4.795918367346939,3.414754620777565,0.5132973519093951
Paulsboro,Fast Food,1.3888888888888888,3.0228458309421407,0.5132973519093951
Paulsboro,Sports Bars,3.6,3.4531277614603235,0.5132973519093951
Peerless Park,Fast Food,1.2222222222222223,3.0228458309421407,0.5132973519093951
Pemberton,Fast Food,1.4,3.0228458309421407,0.5132973519093951
Pemberton,Sports Bars,3.272727272727273,3.4531277614603235,0.5132973519093951
Penndel,Fast Food,1.2857142857142858,3.0228458309421407,0.5132973519093951
Penns Grove,Fast Food,1.5,3.0228458309421407,0.5132973519093951
Pennsauken,Fast Food,2.6466165413533833,3.0228458309421407,0.5132973519093951
Pennsauken,Sports Bars,3.925,3.4531277614603235,0.5132973519093951
Pennsburg,Fast Food,2.1333333333333333,3.0228458309421407,0.5132973519093951
Pennsburg,Sports Bars,3.4074074074074074,3.4531277614603235,0.5132973519093951
Pennsville,Fast Food,2.2244897959183674,3.0228458309421407,0.5132973519093951
Pennsville,Sports Bars,2.5416666666666665,3.4531277614603235,0.5132973519093951
Perkasie,Fast Food,3.272727272727273,3.0228458309421407,0.5132973519093951
Perkasie,Hotels,4.071428571428571,3.414754620777565,0.5132973519093951
Philadelphia,Conveyor Belt Sushi,4.591616766467066,4.591616766467066,0.5132973519093951
Philadelphia,Cooking Schools,4.0,4.623655913978495,0.5132973519093951
Philadelphia,Fast Food,3.5215627535417835,3.0228458309421407,0.5132973519093951
Philadelphia,Hotels,3.488715953307393,3.414754620777565,0.5132973519093951
Philadelphia,Sports Bars,3.497067171239357,3.4531277614603235,0.5132973519093951
Phoenixville,Fast Food,3.5014749262536875,3.0228458309421407,0.5132973519093951
Phoenixville,Hotels,3.85,3.414754620777565,0.5132973519093951
Phoenixville,Sports Bars,3.174496644295302,3.4531277614603235,0.5132973519093951
Pilesgrove,Fast Food,2.0,3.0228458309421407,0.5132973519093951
Pine Hill,Fast Food,1.7857142857142858,3.0228458309421407,0.5132973519093951
Pinellas Park,Fast Food,2.6498002663115847,3.0228458309421407,0.5132973519093951
Pinellas Park,Sports Bars,2.920704845814978,3.4531277614603235,0.5132973519093951
Pipersville,Fast Food,1.3636363636363635,3.0228458309421407,0.5132973519093951
Pipersville,Hotels,4.172727272727273,3.414754620777565,0.5132973519093951
Plainfield,Fast Food,2.425414364640884,3.0228458309421407,0.5132973519093951
Plainfield,Hotels,3.8,3.414754620777565,0.5132973519093951
Plainfield,Sports Bars,3.13302752293578,3.4531277614603235,0.5132973519093951
Plainfiled,Fast Food,3.230769230769231,3.0228458309421407,0.5132973519093951
Plant City,Fast Food,2.4609164420485174,3.0228458309421407,0.5132973519093951
Plant City,Sports Bars,2.9148936170212765,3.4531277614603235,0.5132973519093951
Pleasant View,Fast Food,2.0952380952380953,3.0228458309421407,0.5132973519093951
Plymouth Meeting,Fast Food,3.103286384976526,3.0228458309421407,0.5132973519093951
Plymouth Meeting,Hotels,2.5294117647058822,3.414754620777565,0.5132973519093951
Plymouth Meeting,Sports Bars,3.462962962962963,3.4531277614603235,0.5132973519093951
Pontoon Beach,Fast Food,1.4193548387096775,3.0228458309421407,0.5132973519093951
Port Richey,Fast Food,2.7806691449814127,3.0228458309421407,0.5132973519093951
Port Richey,Sports Bars,3.2217391304347824,3.4531277614603235,0.5132973519093951
Pottstown,Fast Food,2.688372093023256,3.0228458309421407,0.5132973519093951
Pottstown,Sports Bars,2.8333333333333335,3.4531277614603235,0.5132973519093951
Primos,Fast Food,3.111111111111111,3.0228458309421407,0.5132973519093951
Prospect Park,Fast Food,3.9655172413793105,3.0228458309421407,0.5132973519093951
Quakertown,Fast Food,2.4285714285714284,3.0228458309421407,0.5132973519093951
RENO,Fast Food,2.8076923076923075,3.0228458309421407,0.5132973519093951
RIVERVIEW,Fast Food,1.9230769230769231,3.0228458309421407,0.5132973519093951
Radnor,Fast Food,2.8823529411764706,3.0228458309421407,0.5132973519093951
Reno,Cooking Schools,4.482758620689655,4.623655913978495,0.5132973519093951
Reno,Fast Food,2.9866636781351565,3.0228458309421407,0.5132973519093951
Reno,Hotels,2.87894911872298,3.414754620777565,0.5132973519093951
Reno,Resorts,3.0860719874804383,3.1785500299580587,0.5132973519093951
Reno,Sports Bars,3.820729537366548,3.4531277614603235,0.5132973519093951
Richboro,Fast Food,3.438202247191011,3.0228458309421407,0.5132973519093951
Richboro,Sports Bars,2.7419354838709675,3.4531277614603235,0.5132973519093951
Richmond Heights,Fast Food,2.673469387755102,3.0228458309421407,0.5132973519093951
Ridley,Fast Food,2.1176470588235294,3.0228458309421407,0.5132973519093951
Ridley Park,Sports Bars,3.0454545454545454,3.4531277614603235,0.5132973519093951
River Ridge,Fast Food,1.6666666666666667,3.0228458309421407,0.5132973519093951
Riverview,Fast Food,2.5088652482269502,3.0228458309421407,0.5132973519093951
Riverview,Sports Bars,2.686046511627907,3.4531277614603235,0.5132973519093951
Rock Hill,Fast Food,1.5526315789473684,3.0228458309421407,0.5132973519093951
Roslyn,Fast Food,2.3636363636363638,3.0228458309421407,0.5132973519093951
Royersford,Fast Food,2.691823899371069,3.0228458309421407,0.5132973519093951
Runnemede,Sports Bars,3.017543859649123,3.4531277614603235,0.5132973519093951
Ruskin,Fast Food,2.2413793103448274,3.0228458309421407,0.5132973519093951
Ruskin,Hotels,3.0,3.414754620777565,0.5132973519093951
Ruskin,Sports Bars,3.101010101010101,3.4531277614603235,0.5132973519093951
S.Pasadena,Fast Food,1.6153846153846154,3.0228458309421407,0.5132973519093951
ST. PETE BEACH,Fast Food,3.3333333333333335,3.0228458309421407,0.5132973519093951
Safety Harbor,Fast Food,4.4375,3.0228458309421407,0.5132973519093951
Safety Harbor,Hotels,2.8435374149659864,3.414754620777565,0.5132973519093951
Safety Harbor,Resorts,2.8435374149659864,3.1785500299580587,0.5132973519093951
Safety Harbor,Sports Bars,4.675675675675675,3.4531277614603235,0.5132973519093951
Sahuarita,Fast Food,2.7828054298642533,3.0228458309421407,0.5132973519093951
Saint Albert,Fast Food,2.857142857142857,3.0228458309421407,0.5132973519093951
Saint Ann,Fast Food,2.1566265060240966,3.0228458309421407,0.5132973519093951
Saint Charles,Fast Food,2.649667405764967,3.0228458309421407,0.5132973519093951
Saint Charles,Sports Bars,3.1497730711043874,3.4531277614603235,0.5132973519093951
Saint John,Sports Bars,2.611111111111111,3.4531277614603235,0.5132973519093951
Saint Louis,Fast Food,2.756982227058397,3.0228458309421407,0.5132973519093951
Saint Louis,Hotels,2.810126582278481,3.414754620777565,0.5132973519093951
Saint Louis,Nicaraguan,4.514792899408284,4.634920634920635,0.5132973519093951
Saint Louis,Sports Bars,3.459273331750178,3.4531277614603235,0.5132973519093951
Saint Pete Beach,Sports Bars,4.512820512820513,3.4531277614603235,0.5132973519093951
Saint Peters,Hotels,2.8771929824561404,3.414754620777565,0.5132973519093951
Saint Petersburg,Fast Food,3.3032894736842104,3.0228458309421407,0.5132973519093951
Saint Petersburg,Hotels,3.74792243767313,3.414754620777565,0.5132973519093951
Saint Petersburg,Sports Bars,4.073891625615763,3.4531277614603235,0.5132973519093951
Salem,Fast Food,3.0,3.0228458309421407,0.5132973519093951
San Antonio,Fast Food,2.0,3.0228458309421407,0.5132973519093951
Santa Barbara,Fast Food,3.9412077680234106,3.0228458309421407,0.5132973519093951
Santa Barbara,Hotels,3.648780487804878,3.414754620777565,0.5132973519093951
Santa Barbara,Resorts,4.017448200654307,3.1785500299580587,0.5132973519093951
Santa Barbara,Sports Bars,3.8134490238611716,3.4531277614603235,0.5132973519093951
Sappington,Fast Food,2.4,3.0228458309421407,0.5132973519093951
Schwenksville,Hotels,2.2,3.414754620777565,0.5132973519093951
Scott Afb,Fast Food,3.2857142857142856,3.0228458309421407,0.5132973519093951
Seffner,Fast Food,1.964705882352941,3.0228458309421407,0.5132973519093951
Seffner,Sports Bars,2.45,3.4531277614603235,0.5132973519093951
Sellersville,Hotels,4.488372093023256,3.414754620777565,0.5132973519093951
Seminole,Cinema,3.541284403669725,3.3335212855934593,0.5132973519093951
Seminole,Fast Food,2.9588377723970942,3.0228458309421407,0.5132973519093951
Seminole,Sports Bars,3.376271186440678,3.4531277614603235,0.5132973519093951
Sewell,Fast Food,2.8974358974358974,3.0228458309421407,0.5132973519093951
Sewell,Sports Bars,3.306859205776173,3.4531277614603235,0.5132973519093951
Sherwood Park,Fast Food,3.524822695035461,3.0228458309421407,0.5132973519093951
Sherwood Park,Sports Bars,3.1379310344827585,3.4531277614603235,0.5132973519093951
Shiloh,Fast Food,3.5174825174825175,3.0228458309421407,0.5132973519093951
Shiloh,Sports Bars,2.566666666666667,3.4531277614603235,0.5132973519093951
Shrewsbury,Fast Food,1.2352941176470589,3.0228458309421407,0.5132973519093951
Sicklerville,Fast Food,2.828996282527881,3.0228458309421407,0.5132973519093951
Sicklerville,Sports Bars,2.5233644859813085,3.4531277614603235,0.5132973519093951
Skippack,Hotels,3.425,3.414754620777565,0.5132973519093951
Skippack,Sports Bars,3.0625,3.4531277614603235,0.5132973519093951
Smithton,Sports Bars,3.8461538461538463,3.4531277614603235,0.5132973519093951
Smyrna,Fast Food,3.0977596741344198,3.0228458309421407,0.5132973519093951
Smyrna,Sports Bars,2.8468468468468466,3.4531277614603235,0.5132973519093951
Somerdale,Fast Food,3.8181818181818183,3.0228458309421407,0.5132973519093951
Somerdale,Sports Bars,2.103448275862069,3.4531277614603235,0.5132973519093951
Souderton,Fast Food,2.3636363636363638,3.0228458309421407,0.5132973519093951
South Cinnaminson,Fast Food,3.3846153846153846,3.0228458309421407,0.5132973519093951
South Pasadena,Fast Food,2.625,3.0228458309421407,0.5132973519093951
South Tucson,Fast Food,1.6875,3.0228458309421407,0.5132973519093951
Southampton,Fast Food,3.6186440677966103,3.0228458309421407,0.5132973519093951
Southampton,Hotels,4.133333333333334,3.414754620777565,0.5132973519093951
Southampton,Sports Bars,3.837037037037037,3.4531277614603235,0.5132973519093951
Southport,Fast Food,2.6,3.0228458309421407,0.5132973519093951
Southwest Philadelphia,Fast Food,1.8333333333333333,3.0228458309421407,0.5132973519093951
Spanish Springs,Fast Food,2.0608695652173914,3.0228458309421407,0.5132973519093951
Sparks,Fast Food,3.0870325061167425,3.0228458309421407,0.5132973519093951
Sparks,Hotels,2.4521988527724665,3.414754620777565,0.5132973519093951
Sparks,Resorts,2.292273236282195,3.1785500299580587,0.5132973519093951
Sparks,Sports Bars,3.076774193548387,3.4531277614603235,0.5132973519093951
Speedway,Fast Food,2.1964285714285716,3.0228458309421407,0.5132973519093951
Speedway,Sports Bars,2.642857142857143,3.4531277614603235,0.5132973519093951
Spring City,Fast Food,1.6666666666666667,3.0228458309421407,0.5132973519093951
Spring Hill,Fast Food,2.682451253481894,3.0228458309421407,0.5132973519093951
Spring Hill,Sports Bars,3.336322869955157,3.4531277614603235,0.5132973519093951
Springfield,Fast Food,2.5514018691588785,3.0228458309421407,0.5132973519093951
Springfield,Sports Bars,2.942857142857143,3.4531277614603235,0.5132973519093951
St Albert,Fast Food,3.272727272727273,3.0228458309421407,0.5132973519093951
St Albert,Sports Bars,2.0,3.4531277614603235,0.5132973519093951
St Ann,Fast Food,2.59375,3.0228458309421407,0.5132973519093951
St Charles,Fast Food,3.3093525179856114,3.0228458309421407,0.5132973519093951
St Charles,Sports Bars,3.2450331125827816,3.4531277614603235,0.5132973519093951
St Louis,Fast Food,3.1341719077568135,3.0228458309421407,0.5132973519093951
St Louis,Sports Bars,3.0,3.4531277614603235,0.5132973519093951
St Louis Downtown,Fast Food,3.4210526315789473,3.0228458309421407,0.5132973519093951
St Pete,Sports Bars,3.7245508982035926,3.4531277614603235,0.5132973519093951
St Pete Beach,Fast Food,2.090909090909091,3.0228458309421407,0.5132973519093951
St Pete Beach,Hotels,2.921875,3.414754620777565,0.5132973519093951
St Pete Beach,Sports Bars,4.0180921052631575,3.4531277614603235,0.5132973519093951
St Petersburg,Fast Food,3.076923076923077,3.0228458309421407,0.5132973519093951
St Petersburg,Hotels,4.008474576271187,3.414754620777565,0.5132973519093951
St Petersburg,Sports Bars,3.525959367945824,3.4531277614603235,0.5132973519093951
St. Albert,Fast Food,2.5,3.0228458309421407,0.5132973519093951
St. Albert,Sports Bars,3.730769230769231,3.4531277614603235,0.5132973519093951
St. Ann,Fast Food,1.7244897959183674,3.0228458309421407,0.5132973519093951
St. Charles,Fast Food,2.4006968641114983,3.0228458309421407,0.5132973519093951
St. Charles,Hotels,2.7876106194690267,3.414754620777565,0.5132973519093951
St. Charles,Resorts,2.7876106194690267,3.1785500299580587,0.5132973519093951
St. Charles,Sports Bars,3.326530612244898,3.4531277614603235,0.5132973519093951
St. Louis,Fast Food,2.216379711493718,3.0228458309421407,0.5132973519093951
St. Louis,Hotels,3.1774193548387095,3.414754620777565,0.5132973519093951
St. Louis,Resorts,2.6,3.1785500299580587,0.5132973519093951
St. Louis,Sports Bars,3.4345132743362834,3.4531277614603235,0.5132973519093951
St. Pete Beach,Hotels,3.486777668952008,3.414754620777565,0.5132973519093951
St. Pete Beach,Sports Bars,3.513333333333333,3.4531277614603235,0.5132973519093951
St. Petersburg,Fast Food,3.057659208261618,3.0228458309421407,0.5132973519093951
St. Petersburg,Hotels,3.602112676056338,3.414754620777565,0.5132973519093951
St. Petersburg,Resorts,3.616504854368932,3.1785500299580587,0.5132973519093951
St. Petersburg,Sports Bars,3.3130271790065606,3.4531277614603235,0.5132973519093951
St.Louis,Fast Food,2.5454545454545454,3.0228458309421407,0.5132973519093951
St.Petersburg,Fast Food,1.9390243902439024,3.0228458309421407,0.5132973519093951
St.Rose,Fast Food,1.5,3.0228458309421407,0.5132973519093951
Stanton,Fast Food,1.6,3.0228458309421407,0.5132973519093951
Stead,Fast Food,2.4,3.0228458309421407,0.5132973519093951
Stratford,Fast Food,2.5238095238095237,3.0228458309421407,0.5132973519093951
Sumneytown,Hotels,4.2727272727272725,3.414754620777565,0.5132973519093951
Sun City Center,Fast Food,1.79,3.0228458309421407,0.5132973519093951
Sun Valley,Fast Food,1.6571428571428573,3.0228458309421407,0.5132973519093951
Sunset Hills,Fast Food,2.675324675324675,3.0228458309421407,0.5132973519093951
Swansea,Fast Food,1.5,3.0228458309421407,0.5132973519093951
Swansea,Sports Bars,2.652173913043478,3.4531277614603235,0.5132973519093951
Swarthmore,Hotels,3.4444444444444446,3.414754620777565,0.5132973519093951
Swarthmore,Sports Bars,3.4444444444444446,3.4531277614603235,0.5132973519093951
Swedesboro,Fast Food,2.2857142857142856,3.0228458309421407,0.5132973519093951
Swedesboro,Sports Bars,3.6792452830188678,3.4531277614603235,0.5132973519093951
TAMPA,Fast Food,2.8947368421052633,3.0228458309421407,0.5132973519093951
TUCSON,Fast Food,1.9333333333333333,3.0228458309421407,0.5132973519093951
Tampa,Cinema,3.2658662092624358,3.3335212855934593,0.5132973519093951
Tampa,Cooking Schools,4.684210526315789,4.623655913978495,0.5132973519093951
Tampa,Fast Food,2.9496009620640646,3.0228458309421407,0.5132973519093951
Tampa,Hotels,3.1497584541062804,3.414754620777565,0.5132973519093951
Tampa,Resorts,3.392857142857143,3.1785500299580587,0.5132973519093951
Tampa,Sports Bars,3.5541671194175812,3.4531277614603235,0.5132973519093951
Tarpon Springs,Fast Food,3.7665505226480835,3.0228458309421407,0.5132973519093951
Tarpon Springs,Sports Bars,3.598698481561822,3.4531277614603235,0.5132973519093951
Temple Terrace,Fast Food,3.3407407407407406,3.0228458309421407,0.5132973519093951
Temple Terrace,Sports Bars,2.9485981308411215,3.4531277614603235,0.5132973519093951
Terrytown,Fast Food,2.255813953488372,3.0228458309421407,0.5132973519093951
Terrytown,Sports Bars,2.1666666666666665,3.4531277614603235,0.5132973519093951
Thonosassa,Fast Food,3.75,3.0228458309421407,0.5132973519093951
Thonotosassa,Sports Bars,4.142857142857143,3.4531277614603235,0.5132973519093951
Thorndale,Fast Food,1.894736842105263,3.0228458309421407,0.5132973519093951
Thorndale,Sports Bars,3.2037037037037037,3.4531277614603235,0.5132973519093951
Thorofare,Fast Food,1.5263157894736843,3.0228458309421407,0.5132973519093951
Tierra Verde,Sports Bars,3.963276836158192,3.4531277614603235,0.5132973519093951
Titusville,Fast Food,3.712121212121212,3.0228458309421407,0.5132973519093951
Town And Country,Fast Food,2.6486486486486487,3.0228458309421407,0.5132973519093951
Town and Country,Fast Food,2.263157894736842,3.0228458309421407,0.5132973519093951
Trappe,Fast Food,2.1875,3.0228458309421407,0.5132973519093951
Trappe,Sports Bars,3.2388059701492535,3.4531277614603235,0.5132973519093951
Treasure Island,Fast Food,3.5462962962962963,3.0228458309421407,0.5132973519093951
Treasure Island,Hotels,3.4615384615384617,3.414754620777565,0.5132973519093951
Treasure Island,Resorts,3.4615384615384617,3.1785500299580587,0.5132973519093951
Treasure Island,Sports Bars,2.990566037735849,3.4531277614603235,0.5132973519093951
Trenton,Fast Food,2.1868131868131866,3.0228458309421407,0.5132973519093951
Trenton,Sports Bars,3.488888888888889,3.4531277614603235,0.5132973519093951
Trevose,Fast Food,2.9642857142857144,3.0228458309421407,0.5132973519093951
Trevose,Hotels,3.0,3.414754620777565,0.5132973519093951
Trinity,Fast Food,3.330275229357798,3.0228458309421407,0.5132973519093951
Troy,Fast Food,3.463235294117647,3.0228458309421407,0.5132973519093951
Troy,Sports Bars,3.0,3.4531277614603235,0.5132973519093951
Tucson,Cinema,3.8793103448275863,3.3335212855934593,0.5132973519093951
Tucson,Fast Food,3.0687578419071517,3.0228458309421407,0.5132973519093951
Tucson,Hotels,3.540498442367601,3.414754620777565,0.5132973519093951
Tucson,Resorts,3.464627151051625,3.1785500299580587,0.5132973519093951
Tucson,Sports Bars,3.5098111810440575,3.4531277614603235,0.5132973519093951
Turnersville,Fast Food,2.7466666666666666,3.0228458309421407,0.5132973519093951
Turnersville,Sports Bars,3.6231155778894473,3.4531277614603235,0.5132973519093951
Tuscon,Fast Food,3.7666666666666666,3.0228458309421407,0.5132973519093951
Tuscon,Sports Bars,2.9375,3.4531277614603235,0.5132973519093951
Twin Oaks,Fast Food,1.5,3.0228458309421407,0.5132973519093951
University City,Fast Food,3.3865030674846626,3.0228458309421407,0.5132973519093951
Upper Darby,Cinema,2.607594936708861,3.3335212855934593,0.5132973519093951
Upper Darby,Fast Food,2.2531645569620253,3.0228458309421407,0.5132973519093951
Upper Darby,Sports Bars,3.375,3.4531277614603235,0.5132973519093951
Vail,Fast Food,3.2,3.0228458309421407,0.5132973519093951
Vail,Sports Bars,3.732142857142857,3.4531277614603235,0.5132973519093951
Valley Park,Fast Food,1.8235294117647058,3.0228458309421407,0.5132973519093951
Valley Park,Sports Bars,3.4,3.4531277614603235,0.5132973519093951
Valrico,Fast Food,2.8701298701298703,3.0228458309421407,0.5132973519093951
Valrico,Sports Bars,3.051282051282051,3.4531277614603235,0.5132973519093951
Verdi,Fast Food,1.92,3.0228458309421407,0.5132973519093951
Verdi,Hotels,1.5,3.414754620777565,0.5132973519093951
Villanova,Fast Food,3.853932584269663,3.0228458309421407,0.5132973519093951
Virginia City,Hotels,4.375,3.414754620777565,0.5132973519093951
Voorhees,Cinema,2.8,3.3335212855934593,0.5132973519093951
Voorhees,Fast Food,2.9805194805194803,3.0228458309421407,0.5132973519093951
Voorhees Township,Sports Bars,3.2167832167832167,3.4531277614603235,0.5132973519093951
W.Chester,Fast Food,4.0,3.0228458309421407,0.5132973519093951
WILLOW GROVE,Fast Food,2.161290322580645,3.0228458309421407,0.5132973519093951
Warminster,Fast Food,2.954337899543379,3.0228458309421407,0.5132973519093951
Warminster,Sports Bars,2.95,3.4531277614603235,0.5132973519093951
Warrington,Fast Food,3.1204188481675392,3.0228458309421407,0.5132973519093951
Warrington,Sports Bars,2.582010582010582,3.4531277614603235,0.5132973519093951
Waterloo,Fast Food,2.0714285714285716,3.0228458309421407,0.5132973519093951
Waterloo,Sports Bars,2.0,3.4531277614603235,0.5132973519093951
Wayne,Fast Food,2.9,3.0228458309421407,0.5132973519093951
Wayne,Hotels,3.6226415094339623,3.414754620777565,0.5132973519093951
Webster Groves,Fast Food,2.282608695652174,3.0228458309421407,0.5132973519093951
Webster Groves,Sports Bars,3.031578947368421,3.4531277614603235,0.5132973519093951
Wesley Chapel,Cinema,3.5463917525773194,3.3335212855934593,0.5132973519093951
Wesley Chapel,Fast Food,2.8468992248062017,3.0228458309421407,0.5132973519093951
Wesley Chapel,Resorts,2.611940298507463,3.1785500299580587,0.5132973519093951
Wesley Chapel,Sports Bars,3.234234234234234,3.4531277614603235,0.5132973519093951
West Berlin,Fast Food,2.840909090909091,3.0228458309421407,0.5132973519093951
West Berlin,Sports Bars,3.533333333333333,3.4531277614603235,0.5132973519093951
West Chester,Fast Food,3.414814814814815,3.0228458309421407,0.5132973519093951
West Chester,Sports Bars,3.2577903682719547,3.4531277614603235,0.5132973519093951
West Conshohocken,Fast Food,1.7142857142857142,3.0228458309421407,0.5132973519093951
West Conshohocken,Hotels,3.425531914893617,3.414754620777565,0.5132973519093951
West Conshohocken,Sports Bars,4.2073170731707314,3.4531277614603235,0.5132973519093951
West Deptford,Fast Food,2.263157894736842,3.0228458309421407,0.5132973519093951
West Edmonton,Sports Bars,2.5714285714285716,3.4531277614603235,0.5132973519093951
West Point,Sports Bars,4.054054054054054,3.4531277614603235,0.5132973519093951
Westampton,Fast Food,3.0,3.0228458309421407,0.5132973519093951
Westampton,Sports Bars,2.7721518987341773,3.4531277614603235,0.5132973519093951
Westhampton,Fast Food,2.0,3.0228458309421407,0.5132973519093951
Westmont,Fast Food,1.6428571428571428,3.0228458309421407,0.5132973519093951
Westwego,Fast Food,1.5526315789473684,3.0228458309421407,0.5132973519093951
White House,Fast Food,2.341880341880342,3.0228458309421407,0.5132973519093951
White House,Sports Bars,2.9,3.4531277614603235,0.5132973519093951
Whiteland,Fast Food,1.5555555555555556,3.0228458309421407,0.5132973519093951
Whitestown,Fast Food,2.2888888888888888,3.0228458309421407,0.5132973519093951
Williamstown,Fast Food,1.396551724137931,3.0228458309421407,0.5132973519093951
Williamstown,Sports Bars,2.5853658536585367,3.4531277614603235,0.5132973519093951
Willingboro,Fast Food,2.0615384615384613,3.0228458309421407,0.5132973519093951
Willow Grove,Fast Food,3.66016713091922,3.0228458309421407,0.5132973519093951
Willow Grove,Sports Bars,2.867494824016563,3.4531277614603235,0.5132973519093951
Wilmington,Fast Food,3.445793581960104,3.0228458309421407,0.5132973519093951
Wilmington,Hotels,3.125,3.414754620777565,0.5132973519093951
Wilmington,Sports Bars,3.331955922865014,3.4531277614603235,0.5132973519093951
Wood River,Fast Food,2.492063492063492,3.0228458309421407,0.5132973519093951
Wood River,Sports Bars,3.99,3.4531277614603235,0.5132973519093951
Woodbury,Fast Food,2.484848484848485,3.0228458309421407,0.5132973519093951
Woodbury Heights,Fast Food,1.6666666666666667,3.0228458309421407,0.5132973519093951
Woodbury Heights,Sports Bars,2.5454545454545454,3.4531277614603235,0.5132973519093951
Woodbury Hts.,Fast Food,1.4285714285714286,3.0228458309421407,0.5132973519093951
Woodlyn,Fast Food,2.0,3.0228458309421407,0.5132973519093951
Woodlyn,Sports Bars,4.103448275862069,3.4531277614603235,0.5132973519093951
Woodstown,Fast Food,1.5384615384615385,3.0228458309421407,0.5132973519093951
Woodstown,Hotels,4.0,3.414754620777565,0.5132973519093951
Wyncote,Fast Food,2.3195876288659796,3.0228458309421407,0.5132973519093951
Wynnewood,Fast Food,3.0,3.0228458309421407,0.5132973519093951
Yardley,Fast Food,3.309090909090909,3.0228458309421407,0.5132973519093951
Yeadon,Sports Bars,4.090909090909091,3.4531277614603235,0.5132973519093951
Zephyrhills,Fast Food,2.25,3.0228458309421407,0.5132973519093951
Zephyrhills,Sports Bars,3.2830188679245285,3.4531277614603235,0.5132973519093951
Zionsville,Fast Food,2.7152317880794703,3.0228458309421407,0.5132973519093951
Zionsville,Sports Bars,3.3282051282051284,3.4531277614603235,0.5132973519093951
